time_s,stage,true_lat,true_lon,true_alt_m,ground_alt_m,agl_m,est_lat,est_lon,est_alt_m,pos_error_m,alt_error_m,vel_east_ms,vel_north_ms,vel_up_ms,ground_speed_ms,roll_deg,pitch_deg,yaw_deg,flight_path_angle_deg,distance_traveled_m,distance_to_target_m,gps_valid,tercom_active
0.002,BOOST,56.0,95.0,317.0,317.0,0.0,56.0,95.0,317.0,0.0,-0.0,0.0,0.001,0.013,0.014,0.0,88.0,360.0,85.4,0.0,100409.02,1,0
0.1,BOOST,56.0,95.0,317.03,317.0,0.03,56.0,95.0,317.03,0.0,0.0,-0.001,0.059,0.678,0.68,0.0,87.98,360.0,85.03,0.03,100409.02,1,0
0.2,BOOST,56.0000001,95.0,317.14,317.0,0.14,56.0000001,95.0,317.14,0.0,0.0,-0.002,0.119,1.358,1.363,0.0,87.93,0.0,84.98,0.14,100409.01,1,0
0.3,BOOST,56.0000002,95.0,317.31,317.0,0.31,56.0000144,95.0000367,319.89,2.78,2.59,0.0,0.185,2.044,2.052,360.0,87.85,360.0,84.82,0.31,100407.41,1,0
0.4,BOOST,56.0000004,95.0,317.54,317.0,0.54,56.0000146,95.0000367,320.13,2.78,2.59,-0.001,0.251,2.726,2.738,360.0,87.73,360.0,84.73,0.55,100407.39,1,0
0.5,BOOST,55.9999942,94.9999979,317.65,317.0,0.65,55.9999819,95.0000258,316.14,2.22,-1.51,-1.359,-7.054,1.348,7.309,0.0,87.58,0.0,10.63,1.27,100411.03,1,0
0.6,BOOST,55.9999879,94.9999957,317.82,317.0,0.82,55.9999756,95.0000237,316.31,2.22,-1.51,-1.36,-6.979,2.033,7.395,0.0,87.4,0.0,15.96,2.0,100411.73,1,0
0.7,BOOST,55.9999856,94.9999938,318.22,317.0,1.22,55.9999894,95.0000232,318.26,1.88,0.05,-1.153,-2.41,4.385,5.135,360.0,87.18,0.0,58.65,2.5,100410.19,1,0
0.8,BOOST,55.9999835,94.999992,318.69,317.0,1.69,55.9999873,95.0000213,318.74,1.88,0.05,-1.155,-2.322,5.071,5.696,0.0,86.94,0.0,62.91,3.04,100410.43,1,0
0.9,BOOST,55.9999776,94.9999867,319.2,317.0,2.2,55.9999619,94.9999985,319.0,1.9,-0.21,-3.337,-6.573,5.429,9.155,360.0,86.66,0.0,36.37,3.93,100413.25,1,0
1.0,BOOST,55.9999718,94.9999814,319.78,317.0,2.78,55.9999561,94.9999932,319.57,1.9,-0.21,-3.339,-6.469,6.117,9.508,360.0,86.35,0.0,40.04,4.87,100413.9,1,0
1.1,BOOST,55.9999673,94.9999749,320.43,317.0,3.43,55.9999597,94.9999799,320.25,0.9,-0.17,-4.024,-4.897,6.845,9.329,360.0,86.02,360.0,47.2,5.78,100413.5,1,1
1.2,BOOST,55.9999629,94.9999685,321.15,317.0,4.15,55.9999554,94.9999735,320.97,0.9,-0.17,-4.025,-4.774,7.533,9.785,0.0,85.66,360.0,50.34,6.73,100413.98,1,1
1.3,BOOST,55.9999572,94.999962,321.84,317.0,4.84,55.9999381,94.9999664,321.04,2.15,-0.79,-4.073,-6.36,7.208,10.44,360.0,85.26,360.0,43.66,7.76,100415.9,1,1
1.4,BOOST,55.9999516,94.9999554,322.59,317.0,5.59,55.9999324,94.9999599,321.8,2.15,-0.79,-4.073,-6.213,7.897,10.843,360.0,84.85,0.0,46.75,8.82,100416.53,1,1
1.5,BOOST,55.9999466,94.9999477,323.56,317.0,6.56,55.9999319,94.9999411,323.82,1.68,0.26,-4.855,-5.483,10.088,12.467,360.0,84.4,360.0,54.02,10.04,100416.59,1,1
1.6,BOOST,55.9999417,94.9999399,324.61,317.0,7.61,55.9999271,94.9999333,324.86,1.68,0.26,-4.857,-5.311,10.777,12.959,360.0,83.93,360.0,56.27,11.32,100417.13,1,1
1.7,BOOST,55.9999385,94.9999331,325.72,317.0,8.72,55.9999387,94.9999369,325.98,0.24,0.26,-4.22,-3.481,11.469,12.707,360.0,83.43,360.0,64.5,12.56,100415.84,1,1
1.8,BOOST,55.9999354,94.9999263,326.9,317.0,9.9,55.9999356,94.9999301,327.16,0.24,0.26,-4.222,-3.28,12.157,13.281,0.0,82.91,360.0,66.26,13.86,100416.17,1,1
1.9,BOOST,55.9999308,94.9999183,328.09,317.0,11.09,55.9999108,94.999907,327.79,2.34,-0.31,-5.046,-5.046,12.274,14.197,0.0,82.36,360.0,59.83,15.25,100418.94,1,1
2.0,BOOST,55.9999264,94.9999102,329.36,317.0,12.36,55.9999063,94.9998989,329.05,2.34,-0.31,-5.047,-4.811,12.958,14.715,0.0,81.79,360.0,61.71,16.7,100419.43,1,1
2.1,BOOST,55.999923,94.9999018,330.71,317.0,13.71,55.9999128,94.999887,330.66,1.46,-0.05,-5.223,-3.693,13.864,15.269,360.0,81.2,360.0,65.23,18.2,100418.72,1,1
2.2,BOOST,55.9999198,94.9998934,332.13,317.0,15.13,55.9999096,94.9998786,332.08,1.46,-0.05,-5.224,-3.424,14.546,15.83,360.0,80.58,360.0,66.76,19.76,100419.07,1,1
2.3,BOOST,55.9999173,94.9998842,333.59,317.0,16.59,55.9999151,94.9998571,333.16,1.71,-0.43,-5.768,-2.511,14.921,16.193,0.0,79.94,360.0,67.14,21.35,100418.46,1,1
2.4,BOOST,55.9999152,94.999875,335.11,317.0,18.11,55.9999129,94.9998479,334.69,1.71,-0.43,-5.768,-2.204,15.598,16.776,0.0,79.28,360.0,68.4,23.0,100418.7,1,1
2.5,BOOST,55.9999139,94.9998649,336.73,317.0,19.73,55.9999197,94.9998235,336.56,2.66,-0.16,-6.345,-1.292,16.471,17.698,0.0,78.6,0.0,68.54,24.74,100417.95,1,1
2.6,BOOST,55.9999129,94.9998547,338.41,317.0,21.41,55.9999187,94.9998133,338.25,2.66,-0.16,-6.346,-0.946,17.143,18.305,0.0,77.89,360.0,69.48,26.54,100418.06,1,1
2.7,BOOST,55.999912,94.9998457,340.12,317.0,23.12,55.9999145,94.9998243,339.48,1.36,-0.65,-5.6,-0.801,17.489,18.381,360.0,77.17,0.0,72.08,28.35,100418.53,1,1
2.8,BOOST,55.9999115,94.9998367,341.91,317.0,24.91,55.9999139,94.9998153,341.26,1.36,-0.65,-5.601,-0.413,18.155,19.004,360.0,76.43,0.0,72.81,30.22,100418.59,1,1
2.9,BOOST,55.9999108,94.9998273,343.75,317.0,26.75,55.999905,94.9997983,343.1,1.93,-0.65,-5.866,-0.516,18.814,19.714,0.0,75.67,360.0,72.62,32.16,100419.58,1,1
3.0,BOOST,55.9999106,94.9998179,345.67,317.0,28.67,55.9999047,94.9997889,345.02,1.93,-0.65,-5.866,-0.084,19.47,20.335,360.0,74.89,0.0,73.23,34.16,100419.61,1,1
3.1,BOOST,55.9999108,94.9998088,347.66,317.0,30.66,55.999906,94.9997862,347.17,1.51,-0.49,-5.659,0.435,20.212,20.994,360.0,74.09,0.0,74.32,36.23,100419.47,1,1
3.2,BOOST,55.9999114,94.9997997,349.71,317.0,32.71,55.9999066,94.9997771,349.22,1.51,-0.49,-5.659,0.913,20.859,21.632,0.0,73.28,360.0,74.63,38.36,100419.4,1,1
3.3,BOOST,55.9999123,94.9997919,351.83,317.0,34.83,55.9999049,94.9997962,351.39,0.87,-0.44,-4.847,1.273,21.523,22.099,0.0,72.45,0.0,76.89,40.54,100419.6,1,1
3.4,BOOST,55.9999137,94.9997842,354.01,317.0,37.01,55.9999062,94.9997885,353.57,0.87,-0.44,-4.847,1.799,22.158,22.753,360.0,71.61,360.0,76.87,42.78,100419.45,1,1
3.5,BOOST,55.9999156,94.999776,356.26,317.0,39.26,55.9999091,94.9997708,355.72,0.79,-0.53,-5.116,2.398,22.739,23.43,360.0,70.75,360.0,76.05,45.09,100419.13,1,1
3.6,BOOST,55.999918,94.9997678,358.56,317.0,41.56,55.9999115,94.9997626,358.03,0.79,-0.53,-5.116,2.973,23.359,24.097,360.0,69.87,0.0,75.78,47.47,100418.86,1,1
3.7,BOOST,55.9999209,94.9997599,360.92,317.0,43.92,55.9999154,94.9997637,360.24,0.66,-0.68,-4.88,3.619,23.9,24.66,360.0,68.98,360.0,75.74,49.9,100418.42,1,1
3.8,BOOST,55.9999245,94.9997521,363.34,317.0,46.34,55.999919,94.9997559,362.66,0.66,-0.68,-4.88,4.246,24.502,25.342,0.0,68.08,0.0,75.21,52.4,100418.03,1,1
3.9,BOOST,55.9999287,94.9997442,365.82,317.0,48.82,55.9999253,94.9997462,365.19,0.39,-0.64,-4.925,4.994,25.118,26.079,0.0,67.17,0.0,74.4,54.98,100417.32,1,1
4.0,BOOST,55.9999334,94.9997363,368.37,317.0,51.37,55.9999301,94.9997383,367.73,0.39,-0.64,-4.926,5.671,25.701,26.777,360.0,66.24,360.0,73.71,57.62,100416.79,1,1
4.1,BOOST,55.9999393,94.9997283,370.98,317.0,53.98,55.9999487,94.9997277,370.77,1.05,-0.21,-4.991,6.919,26.449,27.791,360.0,65.3,360.0,72.12,60.36,100414.72,1,1
4.2,BOOST,55.9999459,94.9997203,373.65,317.0,56.65,55.9999553,94.9997197,373.45,1.05,-0.21,-4.99,7.647,27.011,28.513,360.0,64.35,0.0,71.32,63.18,100413.99,1,1
4.3,BOOST,55.9999531,94.9997126,376.38,317.0,59.38,55.9999633,94.9997196,376.24,1.22,-0.15,-4.815,8.435,27.585,29.245,360.0,63.39,360.0,70.6,66.07,100413.1,1,1
4.4,BOOST,55.999961,94.9997049,379.17,317.0,62.17,55.9999712,94.9997119,379.02,1.22,-0.15,-4.814,9.215,28.123,29.983,360.0,62.42,360.0,69.71,69.03,100412.22,1,1
4.5,BOOST,55.9999697,94.9996972,382.01,317.0,65.01,55.9999814,94.9997053,381.84,1.39,-0.16,-4.792,10.078,28.643,30.74,360.0,61.44,360.0,68.71,72.07,100411.09,1,1
4.6,BOOST,55.9999791,94.9996895,384.9,317.0,67.9,55.9999908,94.9996976,384.74,1.39,-0.16,-4.792,10.911,29.156,31.497,360.0,60.45,0.0,67.77,75.18,100410.05,1,1
4.7,BOOST,55.9999892,94.9996818,387.84,317.0,70.84,55.9999962,94.9996891,387.84,0.9,-0.01,-4.809,11.597,29.712,32.256,360.0,59.46,0.0,67.09,78.37,100409.45,1,1
4.8,BOOST,56.0,94.9996741,390.84,317.0,73.84,56.000007,94.9996813,390.83,0.9,-0.01,-4.81,12.484,30.196,33.027,360.0,58.45,360.0,66.1,81.63,100408.24,1,1
4.9,BOOST,56.0000117,94.9996665,393.89,317.0,76.89,56.0000206,94.9996777,393.95,1.22,0.06,-4.73,13.464,30.689,33.845,0.0,57.44,360.0,65.06,84.98,100406.73,1,1
5.0,BOOST,56.0000242,94.999659,396.98,317.0,79.98,56.0000332,94.9996701,397.04,1.22,0.06,-4.73,14.402,31.143,34.636,0.0,56.42,360.0,64.05,88.4,100405.33,1,1
5.1,BOOST,56.0000374,94.9996514,400.11,317.0,83.11,56.0000436,94.9996621,400.04,0.96,-0.07,-4.738,15.268,31.537,35.357,360.0,55.4,0.0,63.12,91.9,100404.17,1,1
5.2,BOOST,56.0000516,94.9996438,403.28,317.0,86.28,56.0000578,94.9996545,403.21,0.96,-0.07,-4.737,16.258,31.958,36.168,0.0,54.37,0.0,62.08,95.48,100402.6,1,1
5.3,BOOST,56.0000666,94.999636,406.5,317.0,89.5,56.0000712,94.9996399,406.55,0.56,0.04,-4.86,17.22,32.396,37.009,0.0,53.34,360.0,61.09,99.14,100401.11,1,1
5.4,BOOST,56.0000825,94.9996282,409.76,317.0,92.76,56.0000871,94.9996321,409.81,0.56,0.04,-4.86,18.259,32.781,37.836,360.0,52.3,360.0,60.04,102.88,100399.34,1,1
5.5,BOOST,56.0000994,94.9996206,413.05,317.0,96.05,56.0001031,94.9996328,412.81,0.86,-0.25,-4.713,19.297,33.061,38.57,360.0,51.26,0.0,59.0,106.7,100397.56,1,1
5.6,BOOST,56.0001172,94.9996131,416.37,317.0,99.37,56.0001209,94.9996253,416.13,0.86,-0.25,-4.712,20.387,33.41,39.422,0.0,50.21,360.0,57.94,110.6,100395.58,1,1
5.7,BOOST,56.0001359,94.9996053,419.73,317.0,102.73,56.0001337,94.9996091,419.41,0.34,-0.32,-4.855,21.324,33.718,40.189,360.0,49.17,360.0,57.03,114.58,100394.15,1,1
5.8,BOOST,56.0001555,94.9995975,423.12,318.0,105.12,56.0001534,94.9996013,422.8,0.34,-0.32,-4.854,22.463,34.026,41.06,0.0,48.12,0.0,55.96,118.64,100391.96,1,1
5.9,BOOST,56.0001763,94.9995898,426.54,318.0,108.54,56.0001765,94.999594,426.27,0.27,-0.27,-4.845,23.694,34.326,41.99,360.0,47.07,360.0,54.83,122.79,100389.39,1,1
6.0,BOOST,56.0001981,94.999582,429.98,318.0,111.98,56.0001983,94.9995863,429.71,0.27,-0.27,-4.843,24.88,34.593,42.885,0.0,46.02,0.0,53.77,127.04,100386.97,1,1
6.1,BOOST,56.0002211,94.9995742,433.46,318.0,115.46,56.0002243,94.9995787,433.45,0.46,-0.01,-4.84,26.174,34.908,43.898,360.0,44.97,360.0,52.67,131.38,100384.08,1,1
6.2,BOOST,56.0002451,94.9995665,436.96,318.0,118.96,56.0002484,94.9995709,436.96,0.46,-0.01,-4.839,27.407,35.131,44.819,0.0,43.92,360.0,51.61,135.82,100381.4,1,1
6.3,BOOST,56.0002704,94.9995587,440.49,318.0,122.49,56.0002776,94.999563,440.65,0.84,0.16,-4.842,28.769,35.374,45.852,0.0,42.87,0.0,50.49,140.36,100378.16,1,1
6.4,BOOST,56.0002968,94.999551,444.04,318.0,126.04,56.000304,94.9995552,444.19,0.84,0.16,-4.841,30.044,35.551,46.797,0.0,41.83,0.0,49.44,144.99,100375.22,1,1
6.5,BOOST,56.0003244,94.9995432,447.6,318.0,129.6,56.0003314,94.999547,447.7,0.82,0.1,-4.847,31.337,35.691,47.743,0.0,40.78,0.0,48.38,149.72,100372.17,1,1
6.6,BOOST,56.0003531,94.9995354,451.17,318.0,133.17,56.0003601,94.9995392,451.27,0.82,0.1,-4.845,32.654,35.823,48.714,0.0,39.74,360.0,47.34,154.54,100368.98,1,1
6.7,BOOST,56.0003831,94.9995276,454.76,318.0,136.76,56.0003928,94.9995301,454.92,1.09,0.16,-4.864,34.061,35.945,49.758,360.0,38.7,0.0,46.25,159.47,100365.35,1,1
6.8,BOOST,56.0004143,94.9995198,458.36,318.0,140.36,56.000424,94.9995223,458.52,1.09,0.16,-4.862,35.419,36.027,50.755,0.0,37.67,360.0,45.22,164.5,100361.88,1,1
6.9,BOOST,56.0004467,94.9995119,461.97,319.0,142.97,56.000457,94.9995092,461.98,1.16,0.02,-4.934,36.812,36.053,51.762,360.0,36.64,0.0,44.15,169.62,100358.2,1,1
7.0,BOOST,56.0004804,94.999504,465.57,319.0,146.57,56.0004907,94.9995013,465.59,1.16,0.02,-4.933,38.209,36.088,52.788,360.0,35.62,0.0,43.13,174.85,100354.46,1,1
7.1,BOOST,56.0005153,94.9994961,469.19,319.0,150.19,56.0005242,94.999494,469.7,0.99,0.5,-4.922,39.587,36.206,53.872,360.0,34.6,360.0,42.23,180.19,100350.74,1,1
7.2,BOOST,56.0005515,94.9994882,472.81,319.0,153.81,56.0005604,94.9994861,473.32,0.99,0.5,-4.92,41.02,36.19,54.923,0.0,33.59,360.0,41.22,185.63,100346.71,1,1
7.3,BOOST,56.000589,94.9994804,476.43,319.0,157.43,56.0005967,94.9994824,476.83,0.86,0.4,-4.865,42.441,36.124,55.945,0.0,32.58,0.0,40.22,191.17,100342.68,1,1
7.4,BOOST,56.0006278,94.9994726,480.04,319.0,161.04,56.0006355,94.9994746,480.44,0.86,0.4,-4.863,43.906,36.059,57.023,0.0,31.59,360.0,39.22,196.82,100338.36,1,1
7.5,BOOST,56.0006679,94.9994648,483.63,319.0,164.63,56.0006774,94.9994628,483.83,1.07,0.2,-4.911,45.429,35.923,58.124,360.0,30.6,360.0,38.17,202.58,100333.7,1,1
7.6,BOOST,56.0007094,94.9994569,487.22,321.0,166.22,56.0007189,94.9994549,487.42,1.07,0.2,-4.908,46.925,35.804,59.228,0.0,29.62,0.0,37.19,208.45,100329.09,1,1
7.7,BOOST,56.0007522,94.9994491,490.79,321.0,169.79,56.0007603,94.9994494,490.99,0.9,0.2,-4.878,48.404,35.66,60.319,0.0,28.65,0.0,36.24,214.43,100324.49,1,1
7.8,BOOST,56.0007963,94.9994413,494.35,321.0,173.35,56.0008044,94.9994415,494.55,0.9,0.2,-4.876,49.929,35.491,61.451,0.0,27.69,360.0,35.28,220.51,100319.58,1,1
7.9,BOOST,56.0008417,94.9994334,497.89,321.0,176.89,56.0008437,94.9994281,498.06,0.39,0.17,-4.941,51.335,35.291,62.491,360.0,26.74,360.0,34.38,226.71,100315.2,1,1
8.0,BOOST,56.0008885,94.9994254,501.41,321.0,180.41,56.0008906,94.9994202,501.58,0.39,0.17,-4.94,52.887,35.071,63.651,0.0,25.8,0.0,33.43,233.02,100310.0,1,1
8.1,BOOST,56.0009367,94.9994175,504.9,321.0,183.9,56.0009384,94.999412,505.01,0.39,0.1,-4.941,54.443,34.812,64.81,0.0,24.87,0.0,32.49,239.44,100304.68,1,1
8.2,BOOST,56.0009863,94.9994096,508.37,321.0,187.37,56.000988,94.9994041,508.47,0.39,0.1,-4.94,56.018,34.541,65.996,0.0,23.95,0.0,31.56,245.98,100299.16,1,1
8.3,BOOST,56.0010374,94.9994017,511.81,321.0,190.81,56.00104,94.9993958,511.84,0.47,0.03,-4.941,57.624,34.23,67.206,0.0,23.05,360.0,30.62,252.64,100293.38,1,1
8.4,BOOST,56.0010899,94.9993938,515.22,321.0,194.22,56.0010925,94.9993879,515.25,0.47,0.03,-4.939,59.221,33.91,68.421,0.0,22.16,0.0,29.71,259.43,100287.54,1,1
8.5,BOOST,56.0011438,94.9993857,518.59,321.0,197.59,56.001146,94.9993744,518.66,0.75,0.07,-4.998,60.819,33.57,69.648,0.0,21.29,0.0,28.82,266.33,100281.6,1,1
8.6,BOOST,56.0011991,94.9993777,521.93,321.0,200.93,56.0012013,94.9993664,522.0,0.75,0.07,-4.996,62.435,33.198,70.889,0.0,20.43,0.0,27.92,273.36,100275.44,1,1
8.7,BOOST,56.0012559,94.9993698,525.23,320.0,205.23,56.0012565,94.9993596,525.32,0.64,0.09,-4.981,64.027,32.807,72.115,360.0,19.58,0.0,27.06,280.51,100269.31,1,1
8.8,BOOST,56.0013141,94.9993618,528.49,320.0,208.49,56.0013147,94.9993516,528.58,0.64,0.09,-4.977,65.66,32.388,73.382,0.0,18.75,0.0,26.19,287.78,100262.84,1,1
8.9,BOOST,56.0013738,94.9993537,531.71,320.0,211.71,56.001372,94.9993393,531.81,0.92,0.1,-5.021,67.255,31.947,74.626,360.0,17.94,0.0,25.35,295.18,100256.46,1,1
9.0,BOOST,56.0014349,94.9993457,534.88,320.0,214.88,56.0014332,94.9993313,534.98,0.92,0.1,-5.018,68.901,31.48,75.918,0.0,17.14,360.0,24.5,302.71,100249.66,1,1
9.1,BOOST,56.0014975,94.9993377,538.0,320.0,218.0,56.0014941,94.9993243,538.02,0.92,0.02,-5.004,70.525,30.977,77.19,360.0,16.36,360.0,23.66,310.37,100242.89,1,1
9.2,BOOST,56.0015616,94.9993296,541.07,321.0,220.07,56.0015582,94.9993163,541.09,0.92,0.02,-5.001,72.184,30.465,78.509,360.0,15.6,360.0,22.83,318.15,100235.76,1,1
9.3,BOOST,56.0016271,94.9993216,544.09,321.0,223.09,56.0016205,94.9993067,544.23,1.19,0.14,-5.014,73.789,29.95,79.793,0.0,14.86,360.0,22.05,326.07,100228.84,1,1
9.4,BOOST,56.0016942,94.9993136,547.06,321.0,226.06,56.0016875,94.9992986,547.2,1.19,0.14,-5.011,75.46,29.395,81.138,0.0,14.14,360.0,21.24,334.12,100221.39,1,1
9.5,BOOST,56.0017627,94.9993056,549.97,321.0,228.97,56.0017553,94.9992918,549.96,1.19,-0.01,-4.994,77.121,28.793,82.473,360.0,13.43,360.0,20.43,342.3,100213.85,1,1
9.6,BOOST,56.0018327,94.9992976,552.82,322.0,230.82,56.0018253,94.9992838,552.81,1.19,-0.01,-4.99,78.799,28.196,83.841,0.0,12.75,360.0,19.65,350.61,100206.06,1,1
9.7,BOOST,56.0019043,94.9992896,555.61,322.0,233.61,56.0019003,94.9992757,555.52,0.97,-0.09,-4.986,80.541,27.566,85.273,0.0,12.09,0.0,18.86,359.07,100197.72,1,1
9.8,BOOST,56.0019774,94.9992816,558.33,322.0,236.33,56.0019734,94.9992677,558.24,0.97,-0.09,-4.983,82.227,26.929,86.667,0.0,11.45,0.0,18.1,367.67,100189.6,1,1
9.9,BOOST,56.002052,94.9992736,561.0,322.0,239.0,56.0020493,94.9992619,561.05,0.79,0.06,-4.958,83.935,26.298,88.098,0.0,10.83,360.0,17.37,376.41,100181.16,1,1
10.0,BOOST,56.0021281,94.9992657,563.59,323.0,240.59,56.0021254,94.999254,563.65,0.79,0.06,-4.955,85.625,25.625,89.515,0.0,10.23,0.0,16.63,385.29,100172.7,1,1
10.1,BOOST,56.0022058,94.9992578,566.12,323.0,243.12,56.0022023,94.9992473,566.28,0.76,0.16,-4.939,87.306,24.95,90.935,360.0,9.66,360.0,15.92,394.32,100164.14,1,1
10.2,BOOST,56.002285,94.9992498,568.58,323.0,245.58,56.0022815,94.9992394,568.74,0.76,0.16,-4.937,89.0,24.241,92.374,0.0,9.11,0.0,15.21,403.48,100155.34,1,1
10.3,BOOST,56.0023656,94.9992419,570.97,323.0,247.97,56.0023607,94.9992305,571.1,0.9,0.13,-4.942,90.671,23.511,93.8,0.0,8.59,0.0,14.52,412.79,100146.53,1,1
10.4,BOOST,56.0024478,94.999234,573.28,323.0,250.28,56.0024429,94.9992226,573.42,0.9,0.13,-4.938,92.366,22.771,95.26,0.0,8.09,0.0,13.83,422.25,100137.39,1,1
10.5,BOOST,56.0025316,94.9992261,575.52,323.0,252.52,56.0025316,94.9992185,575.61,0.48,0.09,-4.9,94.143,22.01,96.806,360.0,7.62,0.0,13.14,431.86,100127.53,1,1
10.6,BOOST,56.0026169,94.9992183,577.68,323.0,254.68,56.0026169,94.9992107,577.78,0.48,0.09,-4.895,95.84,21.242,98.288,360.0,7.17,360.0,12.48,441.61,100118.04,1,1
10.7,BOOST,56.0027038,94.9992104,579.77,324.0,255.77,56.0027046,94.9992007,580.11,0.61,0.34,-4.911,97.551,20.498,99.802,360.0,6.75,0.0,11.85,451.52,100108.3,1,1
10.8,BOOST,56.0027922,94.9992026,581.78,324.0,257.78,56.0027929,94.9991929,582.12,0.61,0.34,-4.906,99.248,19.705,101.304,360.0,6.36,360.0,11.22,461.58,100098.47,1,1
10.9,BOOST,56.0028821,94.9991947,583.71,324.0,259.71,56.0028829,94.9991886,584.13,0.4,0.42,-4.871,100.946,18.912,102.818,360.0,6.0,360.0,10.6,471.78,100088.46,1,1
11.0,BOOST,56.0029735,94.9991869,585.57,327.0,258.57,56.0029744,94.9991808,585.98,0.4,0.42,-4.868,102.643,18.098,104.34,0.0,5.66,360.0,9.99,482.14,100078.3,1,1
11.1,BOOST,56.0030664,94.9991792,587.33,327.0,260.33,56.0030661,94.9991791,587.55,0.04,0.21,-4.812,104.321,17.245,105.846,0.0,5.35,0.0,9.38,492.65,100068.1,1,1
11.2,BOOST,56.0031609,94.9991715,589.01,327.0,262.01,56.0031606,94.9991714,589.23,0.04,0.21,-4.807,106.016,16.413,107.387,360.0,5.08,360.0,8.79,503.31,100057.59,1,1
11.3,BOOST,56.0032568,94.9991638,590.61,331.0,259.61,56.0032547,94.9991629,590.75,0.25,0.14,-4.808,107.682,15.563,108.907,0.0,4.83,0.0,8.22,514.13,100047.13,1,1
11.4,BOOST,56.0033543,94.9991561,592.13,331.0,261.13,56.0033522,94.9991552,592.27,0.25,0.14,-4.803,109.373,14.717,110.463,360.0,4.61,360.0,7.66,525.1,100036.29,1,1
11.5,BOOST,56.0034533,94.9991485,593.55,331.0,262.55,56.0034501,94.9991536,593.63,0.48,0.08,-4.749,111.046,13.857,112.008,0.0,4.43,0.0,7.11,536.22,100025.4,1,1
11.6,BOOST,56.0035538,94.9991409,594.9,333.0,261.9,56.0035506,94.999146,594.97,0.48,0.08,-4.745,112.733,13.001,113.579,0.0,4.28,0.0,6.57,547.5,100014.23,1,1
11.7,BOOST,56.0036558,94.9991332,596.15,333.0,263.15,56.0036571,94.9991359,596.24,0.22,0.08,-4.76,114.484,12.142,115.225,0.0,4.16,0.0,6.05,558.95,100002.38,1,1
11.8,BOOST,56.0037594,94.9991256,597.33,334.0,263.33,56.0037607,94.9991283,597.41,0.22,0.08,-4.756,116.168,11.28,116.811,0.0,4.07,360.0,5.54,570.55,99990.86,1,1
11.9,BOOST,56.0038645,94.999118,598.41,334.0,264.41,56.0038662,94.9991204,598.4,0.24,-0.01,-4.754,117.855,10.405,118.409,360.0,4.02,0.0,5.04,582.32,99979.14,1,1
12.0,CRUISE,56.0039711,94.9991104,599.41,334.0,265.41,56.0039728,94.9991128,599.39,0.24,-0.01,-4.749,119.533,9.541,120.007,0.0,4.0,360.0,4.56,594.24,99967.28,1,1
12.1,CRUISE,56.0040785,94.9991032,600.32,333.0,267.32,56.0040795,94.9991007,600.3,0.19,-0.02,-4.171,119.661,8.678,120.048,0.0,4.15,358.0,4.15,606.24,99955.41,1,0
12.2,CRUISE,56.0041861,94.999097,601.14,333.0,268.14,56.0041871,94.9990945,601.13,0.19,-0.02,-3.554,119.796,7.819,120.104,0.0,3.73,358.3,3.73,618.25,99943.45,1,0
12.3,CRUISE,56.0042937,94.9990918,601.88,333.0,268.88,56.0042928,94.9990905,601.88,0.13,0.0,-2.928,119.901,6.964,120.139,360.0,3.32,358.6,3.32,630.26,99931.7,1,0
12.4,CRUISE,56.0044014,94.9990876,602.54,332.0,270.54,56.0044005,94.9990863,602.54,0.13,0.0,-2.311,120.031,6.11,120.208,360.0,2.91,358.9,2.91,642.28,99919.72,1,0
12.5,CRUISE,56.0045093,94.9990844,603.1,332.0,271.1,56.0045067,94.9990865,603.06,0.31,-0.04,-1.667,120.135,5.254,120.261,360.0,2.5,359.2,2.5,654.3,99907.91,1,0
12.6,CRUISE,56.0046172,94.9990823,603.59,330.0,273.59,56.0046147,94.9990844,603.54,0.31,-0.04,-1.048,120.259,4.402,120.344,360.0,2.1,359.5,2.1,666.33,99895.91,1,0
12.7,CRUISE,56.0047253,94.9990811,603.98,330.0,273.98,56.0047231,94.9990811,603.95,0.25,-0.04,-0.444,120.384,3.553,120.438,0.0,1.69,359.79,1.69,678.37,99883.85,1,0
12.8,CRUISE,56.0048335,94.9990808,604.3,330.0,274.3,56.0048313,94.9990809,604.26,0.25,-0.04,0.177,120.504,2.706,120.534,360.0,1.29,0.08,1.29,690.42,99871.82,1,0
12.9,CRUISE,56.0049417,94.9990816,604.53,328.0,276.53,56.0049381,94.9990793,604.66,0.43,0.13,0.783,120.601,1.878,120.618,0.0,0.89,0.37,0.89,702.47,99859.95,1,0
13.0,CRUISE,56.0050501,94.9990834,604.67,328.0,276.67,56.0050464,94.9990811,604.8,0.43,0.13,1.405,120.715,1.035,120.728,360.0,0.49,0.67,0.49,714.54,99847.9,1,0
13.1,CRUISE,56.0051586,94.9990861,604.73,327.0,277.73,56.0051537,94.9990826,604.79,0.59,0.06,2.021,120.811,0.186,120.828,360.0,0.09,0.96,0.09,726.62,99835.97,1,0
13.2,CRUISE,56.0052671,94.9990898,604.71,327.0,277.71,56.0052622,94.9990863,604.77,0.59,0.06,2.646,120.921,-0.652,120.951,360.0,359.69,1.25,-0.31,738.71,99823.9,1,0
13.3,CRUISE,56.0053758,94.9990945,604.6,327.0,277.6,56.0053712,94.9990879,604.65,0.65,0.05,3.251,121.033,-1.491,121.086,360.0,359.29,1.54,-0.71,750.81,99811.78,1,0
13.4,CRUISE,56.0054845,94.9991003,604.41,328.0,276.41,56.00548,94.9990937,604.46,0.65,0.05,3.88,121.137,-2.324,121.221,0.0,358.9,1.83,-1.1,762.92,99799.69,1,0
13.5,CRUISE,56.0055934,94.999107,604.14,328.0,276.14,56.0055898,94.9991022,604.26,0.5,0.12,4.523,121.252,-3.149,121.377,0.0,358.51,2.14,-1.49,775.06,99787.47,1,0
13.6,CRUISE,56.0057023,94.9991148,603.78,330.0,273.78,56.0056988,94.9991099,603.9,0.5,0.12,5.153,121.351,-3.979,121.525,0.0,358.12,2.43,-1.88,787.2,99775.36,1,0
13.7,CRUISE,56.0058114,94.9991235,603.34,330.0,273.34,56.0058077,94.9991204,603.46,0.45,0.12,5.797,121.446,-4.806,121.679,0.0,357.74,2.73,-2.26,799.36,99763.25,1,0
13.8,CRUISE,56.0059205,94.9991333,602.82,330.0,272.82,56.0059168,94.9991302,602.94,0.45,0.12,6.431,121.54,-5.632,121.841,0.0,357.35,3.03,-2.65,811.54,99751.11,1,0
13.9,CRUISE,56.0060297,94.9991442,602.22,329.0,273.22,56.0060259,94.9991409,602.26,0.47,0.05,7.064,121.632,-6.461,122.009,0.0,356.96,3.32,-3.04,823.73,99738.98,1,0
14.0,CRUISE,56.006139,94.999156,601.53,329.0,272.53,56.0061352,94.9991527,601.58,0.47,0.05,7.701,121.723,-7.281,122.183,360.0,356.58,3.62,-3.42,835.94,99726.83,1,0
14.1,CRUISE,56.0062483,94.9991688,600.76,329.0,271.76,56.0062447,94.999166,600.69,0.44,-0.07,8.343,121.811,-8.111,122.365,0.0,356.2,3.92,-3.8,848.17,99714.66,1,0
14.2,CRUISE,56.0063578,94.9991827,599.91,327.0,272.91,56.0063541,94.9991799,599.84,0.44,-0.07,8.983,121.895,-8.926,122.552,0.0,355.82,4.21,-4.18,860.41,99702.49,1,0
14.3,CRUISE,56.0064673,94.9991976,598.97,327.0,271.97,56.0064634,94.9991937,598.93,0.5,-0.04,9.618,121.976,-9.737,122.741,0.0,355.45,4.51,-4.55,872.68,99690.33,1,0
14.4,CRUISE,56.0065769,94.9992136,597.96,327.0,270.96,56.006573,94.9992097,597.92,0.5,-0.04,10.262,122.055,-10.547,122.939,0.0,355.08,4.81,-4.92,884.96,99678.15,1,0
14.5,CRUISE,56.0066865,94.9992305,596.86,327.0,269.86,56.0066836,94.9992265,596.71,0.41,-0.15,10.907,122.144,-11.365,123.156,0.0,354.71,5.1,-5.29,897.27,99665.85,1,0
14.6,CRUISE,56.0067963,94.9992485,595.69,327.0,268.69,56.0067933,94.9992445,595.53,0.41,-0.15,11.555,122.22,-12.171,123.367,0.0,354.34,5.4,-5.66,909.59,99653.65,1,0
14.7,CRUISE,56.0069061,94.9992676,594.43,329.0,265.43,56.006903,94.9992647,594.25,0.38,-0.18,12.212,122.292,-12.976,123.584,0.0,353.97,5.7,-6.03,921.94,99641.45,1,0
14.8,CRUISE,56.0070159,94.9992877,593.09,329.0,264.09,56.0070129,94.9992848,592.91,0.38,-0.18,12.864,122.363,-13.776,123.806,0.0,353.61,6.0,-6.39,934.31,99629.23,1,0
14.9,CRUISE,56.0071259,94.9993089,591.67,331.0,260.67,56.0071235,94.9993113,591.55,0.3,-0.13,13.553,122.438,-14.567,124.044,0.0,353.26,6.32,-6.74,946.7,99616.93,1,0
15.0,CRUISE,56.0072359,94.9993311,590.18,331.0,259.18,56.0072335,94.9993335,590.05,0.3,-0.13,14.209,122.504,-15.361,124.278,360.0,352.9,6.62,-7.1,959.12,99604.7,1,0
15.1,CRUISE,56.0073459,94.9993545,588.6,331.0,257.6,56.0073426,94.9993568,588.39,0.4,-0.21,14.866,122.555,-16.16,124.507,360.0,352.54,6.92,-7.46,971.56,99592.57,1,0
15.2,CRUISE,56.007456,94.9993788,586.95,332.0,254.95,56.0074527,94.9993812,586.73,0.4,-0.21,15.528,122.617,-16.949,124.753,360.0,352.19,7.22,-7.81,984.02,99580.33,1,0
15.3,CRUISE,56.0075662,94.9994043,585.21,332.0,253.21,56.007564,94.9994101,585.2,0.43,-0.01,16.212,122.688,-17.717,125.016,0.0,351.85,7.53,-8.15,996.51,99567.94,1,0
15.4,CRUISE,56.0076764,94.9994308,583.4,332.0,251.4,56.0076743,94.9994366,583.39,0.43,-0.01,16.878,122.743,-18.501,125.272,0.0,351.51,7.83,-8.49,1009.03,99555.69,1,0
15.5,CRUISE,56.0077866,94.9994584,581.51,332.0,249.51,56.0077836,94.9994611,581.37,0.38,-0.15,17.525,122.787,-19.294,125.523,360.0,351.16,8.12,-8.84,1021.57,99543.53,1,0
15.6,CRUISE,56.0078969,94.999487,579.54,332.0,247.54,56.0078939,94.9994897,579.4,0.38,-0.15,18.196,122.836,-20.072,125.788,360.0,350.82,8.43,-9.18,1034.13,99531.26,1,0
15.7,CRUISE,56.0080073,94.9995167,577.5,330.0,247.5,56.0080038,94.9995199,577.48,0.43,-0.02,18.871,122.879,-20.837,126.054,0.0,350.49,8.73,-9.51,1046.72,99519.04,1,0
15.8,CRUISE,56.0081177,94.9995475,575.38,330.0,245.38,56.0081142,94.9995507,575.35,0.43,-0.02,19.548,122.924,-21.61,126.331,360.0,350.15,9.04,-9.85,1059.34,99506.76,1,0
15.9,CRUISE,56.0082281,94.9995794,573.18,326.0,247.18,56.0082247,94.999584,573.06,0.47,-0.12,20.233,122.967,-22.387,126.616,360.0,349.82,9.34,-10.18,1071.99,99494.48,1,0
16.0,CRUISE,56.0083385,94.9996124,570.9,327.0,243.9,56.0083352,94.999617,570.78,0.47,-0.12,20.913,123.007,-23.154,126.902,0.0,349.49,9.65,-10.51,1084.67,99482.19,1,0
16.1,CRUISE,56.008449,94.9996464,568.55,327.0,241.55,56.0084448,94.9996516,568.47,0.57,-0.08,21.598,123.034,-23.914,127.184,0.0,349.16,9.96,-10.84,1097.37,99470.0,1,0
16.2,CRUISE,56.0085595,94.9996816,566.12,326.0,240.12,56.0085553,94.9996868,566.04,0.57,-0.08,22.282,123.069,-24.673,127.48,360.0,348.84,10.26,-11.16,1110.1,99457.71,1,0
16.3,CRUISE,56.0086701,94.9997179,563.61,326.0,237.61,56.0086666,94.9997227,563.55,0.5,-0.06,22.966,123.109,-25.428,127.788,360.0,348.52,10.57,-11.48,1122.87,99445.34,1,0
16.4,CRUISE,56.0087807,94.9997552,561.03,324.0,237.03,56.0087771,94.9997601,560.97,0.5,-0.06,23.656,123.139,-26.183,128.095,360.0,348.21,10.87,-11.79,1135.66,99433.05,1,0
16.5,CRUISE,56.0088913,94.9997937,558.37,324.0,234.37,56.0088881,94.999799,558.3,0.48,-0.07,24.352,123.169,-26.934,128.41,0.0,347.89,11.18,-12.11,1148.49,99420.71,1,0
16.6,CRUISE,56.0090019,94.9998333,555.64,324.0,231.64,56.0089987,94.9998386,555.57,0.48,-0.07,25.049,123.193,-27.681,128.725,0.0,347.58,11.49,-12.42,1161.35,99408.41,1,0
16.7,CRUISE,56.0091126,94.999874,552.84,324.0,228.84,56.0091098,94.9998777,552.79,0.39,-0.05,25.74,123.218,-28.423,129.047,0.0,347.28,11.8,-12.72,1174.23,99396.06,1,0
16.8,CRUISE,56.0092233,94.9999159,549.96,324.0,225.96,56.0092205,94.9999195,549.91,0.39,-0.05,26.441,123.235,-29.164,129.37,360.0,346.97,12.11,-13.03,1187.16,99383.75,1,0
16.9,CRUISE,56.0093339,94.9999588,547.01,325.0,222.01,56.0093312,94.999966,546.88,0.55,-0.13,27.167,123.25,-29.908,129.704,360.0,346.67,12.43,-13.33,1200.11,99371.44,1,0
17.0,CRUISE,56.0094446,95.000003,543.98,325.0,218.98,56.0094419,95.0000102,543.85,0.55,-0.13,27.875,123.262,-30.643,130.037,0.0,346.37,12.74,-13.63,1213.1,99359.13,1,0
17.1,CRUISE,56.0095554,95.0000482,540.88,325.0,215.88,56.0095544,95.0000567,540.95,0.54,0.07,28.593,123.288,-31.359,130.388,0.0,346.08,13.06,-13.92,1226.12,99346.62,1,0
17.2,CRUISE,56.0096661,95.0000946,537.71,325.0,212.71,56.0096651,95.0001031,537.78,0.54,0.07,29.308,123.295,-32.086,130.729,0.0,345.79,13.37,-14.21,1239.18,99334.31,1,0
17.3,CRUISE,56.0097768,95.0001422,534.46,325.0,209.46,56.0097758,95.0001528,534.57,0.67,0.1,30.037,123.298,-32.807,131.076,360.0,345.51,13.69,-14.49,1252.27,99322.0,1,0
17.4,CRUISE,56.0098876,95.0001909,531.15,325.0,206.15,56.0098866,95.0002015,531.25,0.67,0.1,30.758,123.298,-33.527,131.425,0.0,345.22,14.01,-14.78,1265.39,99309.68,1,0
17.5,CRUISE,56.0099983,95.0002408,527.76,325.0,202.76,56.0099988,95.0002515,527.95,0.67,0.19,31.482,123.31,-34.238,131.791,0.0,344.94,14.32,-15.06,1278.55,99297.2,1,0
17.6,CRUISE,56.0101091,95.0002919,524.3,325.0,199.3,56.0101096,95.0003026,524.49,0.67,0.19,32.209,123.305,-34.952,132.149,360.0,344.66,14.64,-15.34,1291.75,99284.89,1,0
17.7,CRUISE,56.0102198,95.0003441,520.77,326.0,194.77,56.0102206,95.0003544,520.78,0.65,0.02,32.938,123.3,-35.675,132.516,0.0,344.38,14.96,-15.62,1304.98,99272.54,1,0
17.8,CRUISE,56.0103306,95.0003975,517.16,326.0,191.16,56.0103313,95.0004078,517.18,0.65,0.02,33.672,123.289,-36.383,132.882,0.0,344.11,15.28,-15.89,1318.25,99260.23,1,0
17.9,CRUISE,56.0104413,95.0004521,513.49,327.0,186.49,56.010441,95.0004626,513.43,0.65,-0.06,34.409,123.265,-37.092,133.244,360.0,343.84,15.6,-16.16,1331.56,99248.03,1,0
18.0,CRUISE,56.010552,95.0005078,509.74,327.0,182.74,56.0105517,95.0005183,509.68,0.65,-0.06,35.15,123.247,-37.792,133.618,360.0,343.57,15.92,-16.43,1344.9,99235.73,1,0
18.1,CRUISE,56.0106626,95.0005648,505.93,327.0,178.93,56.010661,95.0005742,505.85,0.61,-0.08,35.888,123.212,-38.489,133.98,0.0,343.3,16.24,-16.7,1358.28,99223.57,1,0
18.2,CRUISE,56.0107733,95.0006229,502.05,326.0,176.05,56.0107717,95.0006323,501.97,0.61,-0.08,36.634,123.188,-39.182,134.359,0.0,343.05,16.56,-16.95,1371.7,99211.27,1,0
18.3,CRUISE,56.0108839,95.0006822,498.1,326.0,172.1,56.0108819,95.0006886,498.18,0.46,0.08,37.369,123.155,-39.859,134.731,360.0,342.79,16.88,-17.21,1385.16,99199.02,1,0
18.4,CRUISE,56.0109945,95.0007427,494.08,325.0,169.08,56.0109925,95.0007492,494.16,0.46,0.08,38.122,123.124,-40.543,135.117,360.0,342.54,17.2,-17.46,1398.65,99186.72,1,0
18.5,CRUISE,56.0111051,95.0008044,489.99,325.0,164.99,56.0111018,95.0008106,490.17,0.53,0.18,38.879,123.079,-41.217,135.495,0.0,342.29,17.53,-17.71,1412.18,99174.57,1,0
18.6,CRUISE,56.0112156,95.0008674,485.83,325.0,160.83,56.0112123,95.0008736,486.01,0.53,0.18,39.64,123.04,-41.895,135.888,0.0,342.04,17.86,-17.96,1425.75,99162.28,1,0
18.7,CRUISE,56.0113261,95.0009315,481.61,323.0,158.61,56.0113235,95.0009345,481.63,0.34,0.02,40.388,123.006,-42.578,136.289,0.0,341.8,18.18,-18.2,1439.36,99149.92,1,0
18.8,CRUISE,56.0114365,95.0009969,477.32,324.0,153.32,56.011434,95.0009998,477.34,0.34,0.02,41.156,122.961,-43.248,136.688,360.0,341.55,18.51,-18.45,1453.01,99137.64,1,0
18.9,CRUISE,56.011547,95.0010635,472.96,324.0,148.96,56.011545,95.0010653,473.12,0.24,0.16,41.923,122.918,-43.903,137.091,360.0,341.32,18.83,-18.68,1466.7,99125.29,1,0
19.0,CRUISE,56.0116573,95.0011313,468.54,324.0,144.54,56.0116554,95.0011331,468.7,0.24,0.16,42.698,122.866,-44.564,137.496,0.0,341.09,19.16,-18.91,1480.43,99113.02,1,0
19.1,CRUISE,56.0117677,95.0012004,464.04,324.0,140.04,56.0117658,95.001201,464.0,0.21,-0.05,43.472,122.813,-45.237,137.91,0.0,340.85,19.49,-19.15,1494.2,99100.75,1,0
19.2,CRUISE,56.0118779,95.0012707,459.49,326.0,133.49,56.011876,95.0012714,459.44,0.21,-0.05,44.256,122.754,-45.889,138.322,0.0,340.62,19.82,-19.38,1508.01,99088.49,1,0
19.3,CRUISE,56.0119882,95.0013423,454.87,326.0,128.87,56.0119871,95.0013401,454.75,0.18,-0.12,45.028,122.699,-46.543,138.74,0.0,340.4,20.15,-19.6,1521.86,99076.15,1,0
19.4,CRUISE,56.0120983,95.0014151,450.18,325.0,125.18,56.0120973,95.0014129,450.06,0.18,-0.12,45.819,122.634,-47.188,139.159,0.0,340.18,20.49,-19.82,1535.76,99063.9,1,0
19.5,CRUISE,56.0122085,95.0014892,445.43,325.0,120.43,56.0122086,95.0014909,445.42,0.11,-0.01,46.634,122.573,-47.82,139.591,0.0,339.97,20.83,-20.03,1549.7,99051.53,1,0
19.6,CRUISE,56.0123185,95.0015646,440.62,326.0,114.62,56.0123186,95.0015663,440.6,0.11,-0.01,47.433,122.498,-48.456,140.013,360.0,339.75,21.17,-20.25,1563.68,99039.3,1,0
19.7,CRUISE,56.0124285,95.0016413,435.74,326.0,109.74,56.0124288,95.001644,435.87,0.17,0.13,48.241,122.421,-49.077,140.438,360.0,339.55,21.51,-20.45,1577.7,99027.05,1,0
19.8,CRUISE,56.0125384,95.0017193,430.8,326.0,104.8,56.0125387,95.001722,430.93,0.17,0.13,49.047,122.339,-49.705,140.865,0.0,339.34,21.85,-20.66,1591.77,99014.83,1,0
19.9,CRUISE,56.0126482,95.0017986,425.8,326.0,99.8,56.0126485,95.0018004,426.07,0.12,0.27,49.854,122.251,-50.318,141.289,0.0,339.14,22.19,-20.86,1605.87,99002.63,1,0
20.0,CRUISE,56.012758,95.0018792,420.74,326.0,94.74,56.0127583,95.001881,421.01,0.12,0.27,50.668,122.159,-50.937,141.72,360.0,338.94,22.53,-21.06,1620.02,98990.43,1,0
20.1,CRUISE,56.0128677,95.0019611,415.61,326.0,89.61,56.0128688,95.0019645,415.85,0.25,0.24,51.494,122.072,-51.553,142.165,0.0,338.74,22.87,-21.26,1634.22,98978.15,1,0
20.2,CRUISE,56.0129773,95.0020443,410.43,326.0,84.43,56.0129784,95.0020477,410.67,0.25,0.24,52.316,121.972,-52.163,142.602,0.0,338.54,23.22,-21.46,1648.46,98965.97,1,0
20.3,CRUISE,56.0130868,95.0021288,405.18,325.0,80.18,56.013088,95.0021306,405.56,0.17,0.38,53.134,121.869,-52.758,143.034,360.0,338.35,23.56,-21.64,1662.74,98953.79,1,0
20.4,CRUISE,56.0131962,95.0022147,399.88,324.0,75.88,56.0131974,95.0022164,400.25,0.17,0.38,53.963,121.761,-53.36,143.474,0.0,338.17,23.9,-21.83,1677.07,98941.63,1,0
20.5,CRUISE,56.0133055,95.0023019,394.51,324.0,70.51,56.0133084,95.002302,394.71,0.32,0.21,54.788,121.666,-53.962,143.931,360.0,337.98,24.24,-22.02,1691.44,98929.3,1,0
20.6,CRUISE,56.0134147,95.0023904,389.08,324.0,65.08,56.0134176,95.0023905,389.29,0.32,0.21,55.62,121.556,-54.54,144.375,360.0,337.8,24.59,-22.2,1705.85,98917.16,1,0
20.7,CRUISE,56.0135238,95.0024802,383.6,323.0,60.6,56.0135262,95.0024808,383.68,0.27,0.08,56.455,121.446,-55.111,144.822,360.0,337.63,24.93,-22.37,1720.31,98905.09,1,0
20.8,CRUISE,56.0136329,95.0025714,378.06,323.0,55.06,56.0136353,95.002572,378.14,0.27,0.08,57.288,121.338,-55.66,145.269,0.0,337.47,25.27,-22.53,1734.82,98892.97,1,0
20.9,CRUISE,56.0137418,95.0026639,372.47,324.0,48.47,56.0137431,95.0026639,372.45,0.14,-0.02,58.118,121.225,-56.203,145.712,360.0,337.31,25.61,-22.69,1749.37,98880.99,1,0
21.0,CRUISE,56.0138506,95.0027578,366.82,322.0,44.82,56.0138519,95.0027578,366.8,0.14,-0.02,58.95,121.122,-56.725,146.162,360.0,337.16,25.95,-22.84,1763.96,98868.9,1,0
21.1,CRUISE,56.0139594,95.0028529,361.12,322.0,39.12,56.0139612,95.0028532,361.08,0.21,-0.04,59.784,121.025,-57.236,146.619,360.0,337.02,26.29,-22.98,1778.6,98856.76,1,0
21.2,CRUISE,56.014068,95.0029495,355.37,320.0,35.37,56.0140699,95.0029497,355.33,0.21,-0.04,60.616,120.924,-57.732,147.071,360.0,336.89,26.62,-23.11,1793.29,98844.69,1,0
21.3,CRUISE,56.0141766,95.0030473,349.58,320.0,29.58,56.0141791,95.0030503,349.55,0.33,-0.03,61.461,120.83,-58.215,147.535,0.0,336.76,26.96,-23.24,1808.02,98832.56,1,0
21.4,CRUISE,56.0142851,95.0031466,343.73,320.0,23.73,56.0142876,95.0031495,343.7,0.33,-0.03,62.296,120.731,-58.686,147.989,360.0,336.64,27.29,-23.36,1822.79,98820.5,1,0
21.5,CRUISE,56.0143934,95.0032471,337.84,319.0,18.84,56.0143947,95.0032503,337.8,0.24,-0.04,63.13,120.625,-59.145,148.438,0.0,336.52,27.63,-23.48,1837.62,98808.6,1,0
21.6,CRUISE,56.0145017,95.003349,331.9,319.0,12.9,56.014503,95.0033522,331.86,0.24,-0.04,63.963,120.531,-59.589,148.895,360.0,336.41,27.95,-23.59,1852.48,98796.57,1,0
21.7,CRUISE,56.0146099,95.0034522,325.92,316.0,9.92,56.0146105,95.0034561,325.89,0.25,-0.03,64.799,120.432,-60.02,149.349,0.0,336.3,28.28,-23.7,1867.39,98784.64,1,0
21.8,CRUISE,56.0147181,95.0035568,319.9,316.0,3.9,56.0147186,95.0035607,319.87,0.25,-0.03,65.629,120.341,-60.437,149.806,0.0,336.21,28.61,-23.79,1882.35,98772.63,1,0
21.866,IMPACT,56.0147894,95.0036265,315.9,316.0,-0.1,56.0147897,95.0036295,316.01,0.19,0.1,66.177,120.28,-60.699,150.103,360.0,336.15,28.82,-23.85,1892.25,98764.73,1,0
